"id","text","label","labeled_by","difficult_case"
"1","The amount of amateur dog owners with intact, untrained pitbulls and other aggressive breeds is too damn high.","opinion","claude","False"
"2","It's cool to love your job and all but it's really sad that you can't make sense of your life or create an enjoyable routine without it.","opinion","claude","False"
"3","I find people who think they need a job utterly boring.","opinion","claude","ambiguous opinion/reaction. chose opinion bc it's a general statement about a type of person, not a response to a specific post."
"4","flip flops are one of the worst shoes. this might be very controversial but i genuinely just HATE when people wear flip flops outside of the pool/ beach. they aren't comfortable, practical, or cute.","opinion","claude","False"
"5","Relaxing on a beach is horrible. Going to the beach isnot enjoyable, sand is annoying, dirty and the beach stinks, plus there are random sea creatures washed up and seagulls everywhere. I dont understand the enjoyment of sitting in yellow dirt","opinion","claude","False"
"6","God I hate this sub lol like what beaches are you going to? Come on man","reaction","claude","False"
"7","Going to university isn't worth it anymore. Especially in the US or other western countries, the job market for basically professional field is insanely oversaturated. Getting a degree isn't worth it, sure in the past it may have paid off but nowadays it doesn't. Good jobs are hard to come by and they only go to people who have experience. The ROI for college just isn't there.","argument","claude","False"
"8","Boiled eggs are the worst form of egg. How does anyone like them? the texture just sucks. they smell so strongly, and even when you mash them up the egg whites are shardlike and rubbery. Nothing is good about them","opinion","claude","False"
"9","Taken an upvote. Your opinion on this is simply garbage, you just don't know how to cook them properly","reaction","claude","False"
"10","What did YOU say?! 😡","reaction","claude","False"
"11","Summer is the worst season. For many reasons. Here are the top two: Just like winter blues, summer can cause a lot of feelings of loneliness, comparison, feeling inadequate in different areas etc. The weather is actually unbearable until sunset when it starts to cool down. Everything just feels sticky and annoying.","argument","claude","ambiguous argument/opinion. chose argument bc 'For many reasons. Here are the top two:' signals an intent to build a structured case."
"12","Summer sucks.","opinion","claude","False"
"13","Couldn't agree more!","reaction","claude","False"
"14","Having fewer choices makes people happier. People act like more choices always means more freedom. I think having too many options just makes people overthink everything and be less satisfied with what they pick.","argument","claude","False"
"15","Nothing more romantic than breathing jet fumes while roasting in the sun sweating before your flight","reaction","claude","False"
"16","You're a psycho haha","reaction","claude","False"
"17","FM amd even AM radio are superior to Spotify, Apple Music or Amazon. Listening to a radio in your car will expose you to songs and artists you never would have found otherwise. The drawback to things like Sirius or Spotify is the algorithm is a closed loop and only shows you music you know amd already like.","argument","claude","False"
"18","Chocolate is the worst flavour. Ok I have no doubt people are gonna disagree with me on this, but its light-hearted so who cares. When we're talking about cakes, desserts, ice cream, milkshakes etc. And comparing the mainstream flavours: chocolate, caramel, vanilla, strawberry, white chocolate perhaps? (Feel free to tell me what you'd consider the main or most common flavours) IMO Chocolate is the worst choice. I would take caramel over it ANY DAY. I dont get why chocolate is the universal favourite.","opinion","claude","False"
"19","I agree. I love chocolate, but I can't stand anything chocolate flavoured. Ice cream, cake, pudding, literally anything with chocolate flavour is avoided by me.","reaction","claude","ambiguous reaction/opinion. chose reaction bc opens with 'I agree' in direct response to a post, then shares a personal experience supporting that agreement."
"20","Cat people usually don't cross boundaries or harass others. Cat people = people who own cats, love, and respect them. Not only live with one because someone else has it. Of course no rule applies to all people but let's say most.","opinion","claude","False"
"21","No, being a ""cat person"" does not make you better than other people.","reaction","claude","False"
"22","Stale donuts are amazing. I've yet to meet anyone who shares this opinion with me. I love them. I really like that they feel heavier in your stomach so you stop at one and feel full. I also truly love the denser texture.","opinion","claude","False"
"23","The world would be a better place if all religions went away.","opinion","claude","False"
"24","Reading a book and listening to an audiobook are not the same activity. I'm tired of people saying they ""read"" hundreds of books a year when it actuality they are listening to the vast majority of them as audiobooks.","opinion","claude","False"
"25","I love posts like this because it shows how many people out there are absolutely butthurt about the stupidest stuff","reaction","claude","False"
"26","I think I literally hate you","reaction","claude","False"
"27","Most people shouldn't have dogs. The average dog owner does not or will not put the proper amount of time into training their dog. The average dog has some sort of issue whether it be ""they don't like people"" or ""they don't like other dogs"" or just something as simple as the owner not being able to keep their own dog from barking non stop. Even good people that I'm close with who are good in most facets of life, have poorly training dogs. There are many reasons people shouldn't get an animal but if it's just going to spend the majority of its life in your yard, outside, and barking constantly at everything, then why even have one?","argument","claude","False"
"28","I am a strong believer that many people who think they want children actually want a dog, and many people who think they want a dog actually want a cat or a reptile.","opinion","claude","False"
"29","Pigeons were domesticated thousands of years ago and have since been discarded by humans. That is why pigeons live near city centers and build pisspoor neats. Bring back keeping pigeons as pets. They don't deserve to be out in the streets.","opinion","claude","False"
"30","Accept my reluctant upvote for this terrible opinion","reaction","claude","False"
"31","Not everyone mourns with sadness and quiet. Some people mourn by staying social, happy, and living life to the fullest. Sorry for your loss.","opinion","claude","ambiguous opinion/reaction. chose opinion bc the main content is expressing a view on mourning; the 'sorry for your loss' confirms it replies to someone but the substance is a standalone opinion."
"32","The comments shock me. For me, a cemetery is a silent place of rest and dignity.","reaction","claude","ambiguous reaction/opinion. chose reaction bc 'the comments shock me' is a direct emotional response to prior comments; the personal view that follows is secondary."
"33","Telling people to go somewhere else at a place you don't own is wild.","reaction","claude","False"
"34","Everyone mourns differently. You can't tell others how to behave","opinion","claude","ambiguous opinion/argument. chose opinion bc it's a brief counter-claim without structured reasoning; reads more like a principle being stated than a case being made."
"35","Veggies on pizza is superior to meat. Meat is too overpowering. Salty, oily. Veggies let the pizza still speak for itself. Pepperoni is the worst offender of this and is somehow the most popular topping.","opinion","claude","False"
"36","Can't stand the word 'veggies'","reaction","claude","False"
"37","Tomato sauce, stracciatella/mozzarella mix, pistacchio mortadella, sliced shrooms, drizzle of pesto. Best pizza flavor.","opinion","claude","False"
"38","Everyone sucks at driving, including you. Nearly everyone consistently overestimates their driving ability, and it's time we just admit that we're all really bad at it. We all have lapses in judgement, divert our attention, and just straight up make mistakes. I believe that people's overconfidence in their driving leads to more accidents and near misses than we would have if everyone took ownership of their bad driving habits and actively worked to be better.","argument","claude","False"
"39","I'd argue the best drivers aren't the ones who think they're skilled, they're the ones who assume they're capable of making mistakes and drive accordingly.","argument","claude","ambiguous argument/opinion. chose argument bc 'I'd argue' signals an intent to make a case; the content proposes a counter-thesis to the common view."
"40","10/10 post right here","reaction","claude","False"
"41","International flights are actually insanely cheap for what they are. People complain about paying $800 to cross an entire ocean in a giant metal tube moving at almost the speed of sound while being handled by highly trained crews, insane engineering, massive fuel consumption, maintenance teams, air traffic control systems, safety regulations, testing, and logistics that are honestly borderline miraculous when you think about it","argument","claude","False"
"42","USA domestic flights are such a rip off that the international flights seem like a good deal in comparison","reaction","claude","ambiguous reaction/opinion. chose reaction bc directly responds to the international flights post with a comparative counter-point."
"43","I've seen enough videos of cats WATCH THEIR OWNERS WATCHING THEM as they casually smack an item onto the floor. They enjoy it. No one will convince me otherwise …devious little Satan spawns …they do it on purpose and they think it's funny.","opinion","claude","False"
"44","My cat fully knows when he is doing something wrong, he even will try and apologise to me after the fact!","opinion","claude","False"
"45","The obsession with fast cars is ridiculous when speed limits exist. I don't get why people care so much about how fast a car is when almost all normal driving happens in traffic, at red lights, behind other cars, or on roads where you legally can't use that speed anyway.","argument","claude","False"
"46","Upvoting because this is genuinely unpopular. Sir this is an insane take.","reaction","claude","False"
"47","I actually agree. If a restaurant gets new owners, a new chef, a new menu, and half the staff changes, you're basically reviewing a completely different business that's wearing the same name tag.","argument","claude","ambiguous argument/reaction. chose argument bc while it opens with 'I actually agree', the main substance builds a logical case with a reasoned analogy."
"48","People shouldn't trust reviews from complete strangers.","opinion","claude","False"
"49","Apartment living is way better than home ownership. I miss staying in apartments, no need to cut the grass, worry about repairs or spend your money on a plumber, electrician/HVAC or tools and supplies to fix your problems. Most apartments come with a nice balcony, I'll always remember living on the 5th floor overseeing a lake. I miss the community and being in close proximity of others. They're always clean, there's no liter. You have a gym, a pool, free beer and coffee sometimes included. I miss living worry free about potential home proble","argument","claude","False"
"50","Couldn't disagree more but an unpopular opinion, indeed. Take my upvote","reaction","claude","False"
"51","After 30 years of paying rent, you have nothing. After 30 years of paying a mortgage, you have a house.","argument","claude","False"
"52","I also agree with you.","reaction","claude","False"
"53","Might be the worst opinion I've seen on here, congrats","reaction","claude","False"
"54","Did an evil billionaire CEO write this?","reaction","claude","False"
"55","I hate commuting due to the other drivers that I need to share the roadway with, not the commute itself.","opinion","claude","False"
"56","Reading all this filled me with fury.","reaction","claude","False"
"57","Hate driving. Hate my 30 minute commute to work in office at almost $5 per gallon.","opinion","claude","False"
"58","Bike commuting and walking are peaceful and I love getting to be outside and about during those times. Driving, however, is hell.","opinion","claude","False"
"59","jesus take my upvote i dont even need to read the body. horrible opinion","reaction","claude","False"
"60","Dry chicken is better than moist chicken. I'll never understand the obsession people have for wet meat, particularly chicken, moist chicken is chewy, slimy and makes you wonder if it's even cooked, whereas dry chicken almost crumbles in your mouth, the taste texture and eating experience are superior in every way.","opinion","claude","ambiguous opinion/argument. chose opinion bc despite giving reasons, the tone is venting/expressing strong personal preference rather than a structured attempt to persuade."
"61","Juicy does not mean slimy. If your chicken is slimy, you suck at cooking.","reaction","claude","False"
"62","I am convinced 95% of this sub is just a random brain dump of the dumbest shit ever.","reaction","claude","False"
"63","I upvoted because I prefer dryer chicken over moist but the particular description of ""crumbles in your mouth"" .... brother what","reaction","claude","False"
"64","One of the most appropriate posts I've ever seen in this sub.","reaction","claude","False"
"65","48 team World Cup is super boring Every group stage match is between a super power and a minnow just happy to be there. Knowing half of the 3rd place teams won't be eliminated is boring. There woon't be a single surprise till the knockouts in a month","opinion","claude","ambiguous opinion/argument. chose opinion bc reasons given are brief and feel like elaboration of the opinion rather than a structured case to persuade."
"66","Letting your pets sleep on the same pillow as you is gross as hell. It just is. You might not have any issue with it now, but it's just unhygienic and bad for your skin. Get them their own shit! You have no idea what is going on your face.","argument","claude","ambiguous argument/opinion. chose argument bc uses 'you might not have any issue now but...' framing and gives hygiene/health reasons aimed at changing the reader's behavior."
"67","These comments are wild lol. People are so defensive.","reaction","claude","False"
"68","Translating names of people/places is dumb. This shouldn't even be a thing. Growing up in Norway, I watched a movie series Karsten og Petra, but in English their names became Casper and Emma. Why? Karsten is Karsten, and Petra is Petra. If my name were Petra, I wouldn't want someone to decide that I should suddenly be called Emma just because they speak a different language. Same with places. Firenze is Firenze, not Florence.","argument","claude","False"
"69","I hate driving a car. I hate that our infrastructure is built for cars. But I hate people more than that.","opinion","claude","False"
"70","Nuts don't belong in dessert breads like banana bread. Stop putting hard small rock like items in soft sweet breads and pastries. Texture wise it ruins the dessert, plus some of us have nut allergies. Imagine if your sandwich bread/rolls had hard nuts in it. That would be terrible wouldn't it. So why do it in banana bread???","argument","claude","False"
"71","im so glad someone finally agrees with me.","reaction","claude","False"
"72","I've never agreed with someone on reddit so much as I do right now! FUCK nuts in breads, brownies and cookies!","reaction","claude","False"
"73","If you can understand what someone is trying to say, word choice, pronunciation, and grammar do not matter at all.","opinion","claude","False"
"74","It shouldn't be taboo to share how much money you make. People should know if their coworkers make more than them for similar jobs. They can decide for themselves if they feel it's fair or a ripoff and negotiate. It also puts more transparency on people considering job switches.","argument","claude","False"
"75","iPods should have never been discontinued and they're cooler than having music apps on your phone. For people who grew up with the first iPods and they had such magic about them and were infinitely cooler than having my phone with all the other distractions as a main music player. Ik now it's for convenience since phones can handle complex music apps, but I think iPods would thrive if they still sold them old school style.","opinion","claude","False"
"76","I wish I never gave away my Zune player.","reaction","claude","ambiguous reaction/opinion. chose reaction bc it's a brief personal feeling expressed in direct response to an iPod post; no standalone opinion is developed."
"77","This is written like a LinkedIn post lmao. But yea I agree","reaction","claude","False"
"78","A relationship won't last without love.","opinion","claude","False"
"79","Getting into a hot car is awesome. Until it gets up to ~100F outside then it's like dangerous. Below that? The hot stale air is incredible it feels like a mini sauna. Everything is nice and warm. Sometimes I just sit in my car for a few minutes until it's too stuffy.","opinion","claude","False"
"80","What a psycho. Upvoted.","reaction","claude","False"
"81","Transparent phone cases turning yellowish over time actually looks good. Most people hate when transparent phone cases start turning yellow, but I think it gives them character. The discoloration makes the case feel worn-in and personal instead of looking overly clean and artificial forever. It reminds me of how people appreciate aging in things like leather jackets, vintage sneakers, faded denim, or old film cameras.","opinion","claude","False"
"82","I agree, I like objects that look used","reaction","claude","ambiguous reaction/opinion. chose reaction bc 'I agree' directly references a prior post; the personal preference shared is secondary."
"83","SUVs shouldn't be daily drivers. Unless you have multiple kids there's no reason for an SUV to be your daily driver. Seriously how much shit are you hauling around on a daily basis where you need all that space. I hate how popular these oversized gas guzzling ugly looking cars have become. And 95% of the time it's just one person in them. You're burning so much more fuel and you're blocking my view of traffic ahead of us and you make it a lot harder for people to get in and out of their car when you park next to them.","argument","claude","False"
"84","Eating hard boil eggs in the break room at work should be treated like microwaving fish. Seriously, these things really stink up the room. I've had to move seats because someone decided to eat 3 hard boiled eggs next to me because the smell was so strong. They smell like someone farted it's too much","argument","claude","ambiguous argument/opinion. chose argument bc uses personal experience as evidence for a prescriptive rule ('should be treated like microwaving fish')."
"85","All this bullshit about people microwaving fish or eating eggs is such a bunch of poncy drivel. People want to eat healthy. Just allow it. People smell a bit of fish and act like they were led to the fucking gas chamber. Get a fucking grip","reaction","claude","ambiguous reaction/argument. chose reaction bc 'all this bullshit about...' is a direct emotional response to existing discourse; any counter-argument is embedded within that reactive framing."
"86","More pizza places should have broccoli as a topping. I've only been to two pizza places that have this as a topping. Tell me why tf noble romans has fuckin anchovies but noooo one has broccoli. It's delicious.","opinion","claude","False"
"87","Carrots should be dipped with ketchup, not ranch Ketchup is the superior carrot dip because it actually improves what carrots already are instead of smothering them. Carrots are naturally sweet and earthy. Ketchup leans into that sweetness with acidity and tomato flavor, creating a fun balance. Ranch on the other hand ruins a carrot entirely with cold dairy, garlic, and herb. It just doesn't work.","argument","claude","False"
"88","Souvenirs are dumb. Specifically souvenirs for people who didn't go on the trip. Why would I want to use a key chain from a random airport I've never been to? Or a t shirt for a festival I didn't attend? I know that it sounds ungrateful but it just becomes junk collecting dust. Also, when I go on vacation I want to use the money I saved for the vacation on experiences. I don't want to budget gifts for 10 different people.","argument","claude","False"
"89","I like getting souvenirs :(. It's nice to know someone was thinking of you while they were traveling. Doesn't matter if I never use it, I get to come across it later and remember that I mattered enough that someone got me something. Budgeting for a bunch of people is one thing, but honoring the people in your life casually seems to be a fading art.","argument","claude","ambiguous argument/reaction. chose argument bc while it's clearly a counter to the souvenir post, the substance builds an emotional case ('honoring the people in your life casually seems to be a fading art') aimed at changing the reader's view."
"90","I think souvenirs only make sense if they're personal or useful. Random airport magnets for coworkers just feel like obligation shopping at this point.","opinion","claude","False"
"91","This might literally be the worst take of all time. Congratulations","reaction","claude","False"
"92","This made me irrationally angry","reaction","claude","False"
"93","We should get rid of baby carrots. Once I realized that baby carrots are just regular carrots that are trimmed down to 2 inches, tumbled, then polished to appeal to the masses, I'm rethinking. Is the energy going into this process worth this expenditure of energy and wasting part of the carrot?","argument","claude","False"
"94","Mishaped carrots were getting tossed because consumers weren't buying them. Processing those carrots into baby carrots actually cuts down on overall food waste.","argument","claude","False"
"95","Sprinkles ruin desserts. Is this a safe space to admit that I hate sprinkles?! Like why would I want a random crunchy thing in a dessert that's supposed to be soft and fluffy or like ice cream??? No. Number 1 sprinkle hater","opinion","claude","False"
"96","I, too, hate sprinkles. They don't taste like anything and stick to the roof of my mouth. Nasty","reaction","claude","False"
"97","People who say they hate small talk just love talking about themselves. I think it's just an excuse to talk about themselves and feeling bored when that's not the topic. Because having ""deep conversations"" is also a jerk off for the ego.","argument","claude","ambiguous argument/opinion. chose argument bc the post provides a 'because' with psychological reasoning aimed at debunking a common stance."
"98","I don't like small talk because I don't want to talk about myself.","reaction","claude","False"
"99","I really dislike small talk, but I'd prefer to just not talk to people","opinion","claude","False"
"100","Cloth car seats are better than leather. I know I know, crazy thought. But come on, who wants their thighs sticking to the seat when it's hot outside. Don't even get me started on when it's cold outside. I can't comprehend why someone would want to sit on a rock hard cold piece of leather. And when the seats get old the leather starts to get crunchy. Cloth is superior. You won't change my mind.","argument","claude","ambiguous argument/opinion. chose argument bc gives multiple concrete reasons (heat, cold, aging) to support the position; 'you won't change my mind' is assertive but the body is structured to persuade."
"101","When I lived in Arizona, cloth was 1000x better than leather.","opinion","jc","False"
"102","Leather was originally used because it was easier to clean.","argument","jc","False"
"103","working in complete silence is vastly superior to listening to music or podcasts","opinion","jc","False"
"104","I actually think a lot of people have to listen to music to drown out other noise, like in stupid open offices.","argument","jc","False"
"105","Yellow is one of the best colors for a car. Yellow is such an underappreciated and underutilized color. Think about it. Yellow is a very visible color, it's associated with happiness. A nice, pale yellow looks awesome on a classic car and the bumblebee yellow looks awesome on a more modern sports car. I'm not trying to drive the typical cherry red sports car, or the cliche sleek black suburban. Nah, give me a yellow car over any other color any day.","argument","jc","ambiguous opinion/argument. chose argument bc even though subjective/personal, the post provides reasoning to justify a conclusion."
"106","I love cake. I love frosting!","reaction","jc","False"
"107","Lol this isnt unpopular it's just nonsense. Try a good cake first that isnt 'always dry'","reaction","jc","False"
"108","It's ok to like well done steak. I'm not saying it's better or worse than other ways of preparation but holy crap can we just let people enjoy things the way they like it?","opinion","jc","False"
"109","I will have to politely but firmly ask you to leave.","reaction","jc","False"
"110","THIS is why I subbed to this sub.","reaction","jc","False"
"111","You're a fucking lunatic. I'm giving you an upvote but I need you to understand this is insane.","reaction","jc","False"
"112","Damn!🤯","reaction","jc","False"
"113","Digital copies of games should be far cheaper than physical copies.","opinion","jc","False"
"114","I just buy physical because I like seeing my game library on my shelf grow. I feel pride idk","opinion","jc","False"
"115","Coffee smells 100x better than it tastes.","opinion","jc","False"
"116","Soap and shampoo also smell way better than they taste.","opinion","jc","False"
"117","This is the worst thing I've ever read, sorry. Coffee is the greatest drink on the planet.","opinion","jc","False"
"118","AM and PM is dumb. Everyone should use 24 hr / military time. There are 24 hours in a day, not 12. Adding am and pm is an extra step and makes signage unnecessarily confusing when they are omitted. Even if you are used to using the 12 hr format, the math is really easy to make the conversion.","argument","jc","False"
"119","There is nothing confusing about AM and PM, it is so simple to read and understand","opinion","jc","False"
"120","Also we should get rid of daylight savings","opinion","jc","False"
"121","The night before a day off work is way better then the actual day off. Staying up late feeling like you got all the time in the world the night before a day off is 10x better than the actual day off where you need to be asleep by a certain time to get up for work the next day","argument","jc","ambiguous opinion/argument. chose argument bc even though subjective/personal, the post provides reasoning to justify a conclusion."
"122","Cemeteries are a waste of space and everyone should be cremated or composted after death. It doesn't make sense to me why we have so many cemeteries, some of which are huge. We could be using that land for homes, businesses, agriculture, etc. Even if a person wants to be buried, there's no need to pour cement into the ground or to bury the body in a casket that won't decompose after a few years.","argument","jc","False"
"123","Cemeteries are great places to go bird watching.","opinion","jc","False"
"124","Huge stacked burgers suck. There's nothing worse than a burger with too many toppings that spill all over the place and make a mess.","opinion","jc","False"
"125","big burgers need to be wide, not tall. some of this is the fault of the bun baking industry","opinion","jc","False"
"126","Ease of eating is a massive thing for me. Give me a flavourful burger that's easy to eat and I'm in heaven","opinion","jc","False"
"127","Food shouldn't require much effort to eat. If it does, it probably isn't worth it.","opinion","jc","False"
"128","Sometimes less is more.","opinion","jc","False"
"129","Showering at night is better than showering in the morning. Showering at night ensures you won't get into bed with your day's sweat and dirt and so your sheets will be cleaner plus you yourself would feel more relaxed going to sleep. Plus it saves you time in the morning and I usually feel wake enough with just a nice cold facewash . My mom however doesn't like this and since morning baths are such a norm I decided to post here.","argument","jc","ambiguous opinion/argument. chose argument bc even though subjective/personal, the post provides reasoning to justify a conclusion."
"130","I feel so dirty if I don't have a shower before bed, it makes me cringe to think about coming home from work and going straight to bed without showering...","argument","jc","False"
"131","And showering in the dark is even better!","opinion","jc","False"
"132","Chihuahuas are too small and they seem really aggressive all the time, not to mention their annoying barking & growling. Their eyes look like they'll pop out of their head at any second. Big fluffy dogs are pretty much better in every way","argument","jc","ambiguous opinion/argument. chose argument bc even though subjective/personal, the post provides reasoning to justify a conclusion."
"133","The reason your kids won't eat vegetables is because you suck at cooking them. Boiled or microwaved veggies absolutely suck and are the laziest way to cook them. If you Sautéed those bad boys in butter, roasted or grilled them with some actual seasoning, then your kids would have a grand old time eating them and you wouldn't have to threaten them with no play time while they sit there and throw up in their mouth. Stop torturing your kids and learn to cook.","argument","jc","False"
"134","Dude I fucking love boiled veggies, specially broccolli.","opinion","jc","False"
"135","Influencers have horrible returns. My company banned all influencer funding because we got shit for all the money and product leaks were rampant.","argument","jc","False"
"136","I wish I could upvote this more. Fuck the 'influencer' mentality. They're like a walking. MLM.","reaction","jc","False"
"137","I love dogs but could never own one. They are way too needy for me and I don't want my schedule revolving around their bladder habits.","argument","jc","ambiguous opinion/argument. chose argument bc even though subjective/personal, the post provides reasoning to justify a conclusion."
"138","I just don't like people bringing their dogs with them everywhere. Like, c'mon, your dog does not need to accompany you to the grocery store.","opinion","jc","False"
"139","Dogs are a sensory nightmare for some of us. I hate how intrusive some are to personal space.","opinion","jc","False"
"140","I generally dislike dogs and don't get people's obsession with them. I find them gross and sloppy.","opinion","jc","False"
"141","Dogs are amazing in many ways but to be honest I do find them pretty obnoxious a lot of the time. Constant yapping and trying to cover me in their slobber, no thanks","opinion","jc","False"
"142","Netflix isn't as good as it used to be","opinion","jc","False"
"143","The show ""Friends"" is painfully unfunny and is the most overrated thing ever. Every time this damn show comes on I change the channel immediately... it's just so horribly unfunny and the laugh tracks after every single line is just the worst thing ever. I cant put it into words how much I hate this show.","opinion","jc","False"
"144","I LOVE when store owners have a pet that they let loose in the store. I usually check out any local shops in any town I happen to be in, and with that, I absolutely adore any time the owner has their loved pet walking around the store. I've seen dogs, cats, birds, I even like to see fish tanks. My parents and some friend seem to either not care, or dislike pets just walking around, but its just about my favorite possible thing for small shops.","opinion","jc","False"
"145","I like being bitten by Mosquitoes. It's very interesting to sit there and watch them draw out the blood. I can sometimes see them getting bigger as they go. It's a like a nature documentary right on my leg or arm. I feel nice letting that mosquito have a meal. It probably gets shoed away all the time, left to starve or worse live in fear of being killed every time it needs to eat. That poor mosquito didn't chose to eat blood, it's just hungry.","opinion","jc","False"
"146","Your opinion sucks. Nothing personal.","reaction","jc","False"
"147","What the fuck is wrong with you?","reaction","jc","False"
"148","Tomato is terrible in a burger. It makes the bread soggy, it's often cut too thick and it drips everywhere. It only belongs in a burger in the form of sauce. It is a terrible choice for a burger filling. Thanks for reading.","argument","jc","False"
"149","Fried egg in a burger is an infinitely better decision than tomato.","opinion","jc","False"
"150","If you wear shoes in the house, I automatically consider you unclean","opinion","jc","False"
"151","Someone didn't like your casserole, huh?","reaction","jc","False"
"152","Mint and Chocolate are the nastiest combination to ever exist. Like chocolate is delicious but doesn't exactly leave a very refreshing taste in your mouth. And mint is clean and bright and fresh. The two together make no sense and taste disgusting. Complete opposites. Both loved separately, not combined.","argument","jc","False"
"153","I love it when my microwaved food is cold in the middle. I always hear people talking about how gross it is when this happens but I personally don't mind it. it adds an extra bit of texture that I think makes the food feel more fancy. IDK maybe I am a psychopathy for thinking this but for foods like microwaved oatmeal and breakfast burritos its really not horrible.","argument","jc","ambiguous opinion/argument. chose argument bc even though subjective/personal, the post provides reasoning to justify a conclusion."
"154","This is the kind of thing I want to see on unpopular opinion all the time. Thank you and good God, get some help.","reaction","jc","False"
"155","Playing video games as an adult sucks. You come home from work and are too exhausted to even have the effort to play unless you down an energy drink or coffee. Being a kid it was much better since you got out at 3 PM and had 7 hours to play. Now as an adult you have maybe 3 hours of free time which does include chores and other responsibilities so when you are done are just tired and don't have the energy to get your ass kicked in Elden Ring.","argument","jc","ambiguous opinion/argument. chose argument bc even though subjective/personal, the post provides reasoning to justify a conclusion."
"156","I like when the tables are sticky at restaurants. The sticky feeling of tables in general is very soothing to me, mainly in restaurants. It gives me the feeling that someone had such a good time before me, that they spilled their drink laughing. That's how I look at it.","argument","jc","ambiguous opinion/argument. chose argument bc even though subjective/personal, the post provides reasoning to justify a conclusion."
"157","You are just ever so sick and twisted. Seek Help. Unpopular opinion for sure.","reaction","jc","False"
"158","Jeans are uncomfortable and not good everyday pants. Jeans are workwear. They are robust, sturdy and a bit uncomfortable. But most people aren't cowboys or work in a goldmine. Why not wear some cotton chinos in summer? Or wool pants? Maybe something in a different colour? Yet it seems everyone wears blue jeans. Boring.","argument","jc","False"
"159","Summer is THE worst season. I absolutely HATE summer. It is incredibly hot and sticky outside. It also makes it hard to breathe outside. Depending on where you are, there's also a ton of pests. Even winter is better. It's the holidays and lights but also snow is gorgeous. It's nice to just bundle up when it's cold and have some hot chocolate or coffee. I'm more inclined to leave the house in the winter time than the summer time.","argument","jc","ambiguous opinion/argument. chose argument bc even though subjective/personal, the post provides reasoning to justify a conclusion."
"160","Rainy days are way better than sunny days. So many people associate rain with sadness yet all I associate it with is excitement and happiness. I love the way everything cools off, I love that I don't constantly have to squint cause the sun is in my eyes, I love the smell, and I love the colors, they're so much easier on the eyes. A rainy day is such a special day to me, seems like the perfect type of day for an adventure. I love to go out in the rain and walk around, maybe have lunch, go see a movie, or go hiking.","argument","jc","ambiguous opinion/argument. chose argument bc even though subjective/personal, the post provides reasoning to justify a conclusion."
"161","I have always said this and am positively thrilled to see so many others agree.","reaction","jc","False"
"162","Everything is amazing when talking about rainy days until you have planned a shoot for a sunny day, and money and time is wasted because it starts raining.","argument","jc","False"
"163","Wired earphones are superior to wireless headphones. You can't lose one earbud without ripping it off, if they fall you can always grab the wire, they don't run out of battery, you can put the cord inside your clothes if it gets in your way. I'm so sad phones no longer support wired earphones.","argument","jc","False"
"164","The fact that i don't have to untangle wireless headphones every time i want to listen to music and that the wire inide the cable breaks every half year and i need new ones outweighs all of your points. Also don't be stupid and not put wireless earphones anywhere that isn't the case and you won't lose them, it's really isn't rocket science","argument","jc","False"
"165","I support killing feral cats in Australia. It's the right thing to do. Even if it means we're killing millions of cats, it's the right thing to do because the alternative means we lose our ecosystem. In Australia, feral cats are cats that have been introduced to the ecosystem by humans. They're not domesticated so they breed and eat in the wild. Because they're also not native to the ecosystem, they're decimating native animals, especially marsupials and bird species. Feral cats are even bringing some native animals to extinction. That's the main reason why Aussies hunt and kill them.","argument","jc","False"
"166","I don't care if a business is local, woman owned, black owned, or gay owned. I'm seeing it more and more. Support your local business. Women owned. I could care less. The only thing that matters if you give good business and have a good product! A local business ain't a shit if the owners are pricks. A women owned business ain't good if their cookies crumble! The only thing that's going to bring me back is if your friendly, give good service, and killing it with whatever you provide.","argument","jc","False"
"167","I do believe in supporting local businesses but I have always based my loyalty to a business based on their products and service. If they fail on either I find another.","argument","jc","False"
"168","commute time should be paid for. if I'm driving or getting to work, that time should be paid for by the company. It's not my free time and not time where I can be doing anything else but traveling to the worksite.","argument","jc","False"
"169","Vanilla is much better than chocolate. I heard a lot of people saying that chocolate is much better than vanilla. For me, vanilla got a much more sweet and soft taste. Chocolate is pretty good too, but not as much as vanilla.","argument","jc","ambiguous opinion/argument. chose argument bc even though subjective/personal, the post provides reasoning to justify a conclusion."
"170","I whole heartedly disagree, therefore I upvoted","reaction","jc","False"
"171","Mexico is a better neighbor to America than Canada. For starters, Mexico has better food. When was the last time you went to a Canadian restaurant? The weather is better in Mexico. Tropical beaches, fertile farmland, jungles, mountains, you name it. When's the last time you went on vacation to Canada?","argument","jc","False"
"172","Alcohol is overrated and drinking in General is not that fun. I personaly think drinking kinda sucks it taste like watered down aloe to me I personally dont like the feeling you get after drinking a lot it's pretty shit aswell. I never saw the appeal in drinking but almost every other person goes on about how they're gonna be be drinking all night, sometimes talking about how drunk they'll get and talking about how great it is, am I missing something ?","argument","jc","ambiguous opinion/argument. chose argument bc even though subjective/personal, the post provides reasoning to justify a conclusion."
"173","I as a Non-American, love the USA A short list of a few things I love about the U.S. Geography + how every state is almost like a new country in itself. How friendly the vast majority of people are there. The Wild Life. The food, and how much variety there is. The sheer amount of choice you have everywhere you go. How everywhere you go feels like being in a movie. The sports there.","argument","jc","ambiguous opinion/argument. chose argument bc even though subjective/personal, the post provides reasoning to justify a conclusion."
"174","And the USA loves you","reaction","jc","False"
"175","Cigarettes should be banned outright. No exceptions. Cigarettes do nothing but pollute our air, streets, and health. They aren't a 'Stress relief', as some smokers say because Nicotine addiction literally causes stress. According to the CDC, cigarettes cause about 480 000 deaths per year in the US alone. 41 000 of which are from second hand smoke. 41 000 people dead each year because Other people around them smoke.","argument","jc","False"
"176","""Emotes such as “:)” are much better than emojis""","opinion","jc","False"
"177","""I’ll take freezing cold winter over humid summer heat any day. I think I’m extra sensitive to heat or something and during those 90+ degree muggy days in the summer I literally walk outside and start sweating. It’s miserable. I much prefer freezing cold days where I just have to bundle up a lot to stay warm.""","opinion","jc","False"
"178","""You very well could be heat-sensitive. I am. 75 degrees is too hot to me, let alone 90. I prefer the upper 30s.""","opinion","jc","ambiguous opinion/reaction. chose opinion bc at the end they were just expressing what feels hot for them."
"179","""Bikes should be allowed on sidewalks, not roads. A car hitting a bike will cause much worse injuries than a bike hitting a pedestrian. It is much easier for a bike to notice and avoid a pedestrian and a pedestrian to notice and avoid a bike than it is for a car to notice and avoid a bike.""","argument","jc","False"
"180","""It should be illegal to post a job listing without a salary range. Truth and transparency in advertising. Even a broad salary range would be better than nothing and would leave room open for negotiation, salary depending on experience, etc. Otherwise, you're just wasting everyone's time. How would the applicant know for sure if this job is a step up or down, or if applying is even worth their time?""","argument","jc","False"
"181","""Running as an adult should be socially accepted. I'm not talking about running sportively, I'm talking about running just to get somewhere faster. Why can't I do it without people judging me? I have the body condition and energy to do so and I don't want to spend 15min walking. Everytime an adult is seen running, people automatically think that he is late, or that he is running from something dangerous, or that something is wrong in general. People are limited to walking.""","argument","jc","False"
"182","""Ketchup is fucking disgusting. A proper hamburger or cheeseburger should never have ketchup. It dominates the flavor and all you taste is shit. If I want to get the tomato profile, I will put a fucking tomato on my burger and not some pasty, corn syrup, sugary sissy bullshit. Every burger place puts ketchup on the burger by default, so I have to always ask for no ketchup and have the chance of them fucking it up. You ketchup fuckers should have to ask for ketchup, not me.""","argument","jc","False"
"183","""I completely agree, but fuck you. My poor wittle feewings are hurt.""","reaction","jc","False"
"184","""Youre an animal""","reaction","jc","False"
"185","""ohh you’re nasty lmaoo""","reaction","jc","False"
"186","""I hope you choke on mustard water, you slimy degenerate""","reaction","jc","False"
"187","""Oreo needs to be stopped. Oreos are trash and overhyped, and we do not need an Oreo variation of every single snack product and baked good in every single grocery store. I'm so tired of seeing Oreo cakes, and ice cream, and, and frosting, and candy... Even Oreo has a cookie and cream version of Oreo (Loaded Oreos). We get it, you (and everyone else for some freaking reason) think you're the best cookie in the world.""","argument","jc","False"
"188","""Soup should be normalized as a savory everyday drink. When I go into work, I don't want a coffee dispenser. I want broth dispensers. No solids, just broth. I want to sip some spicy ginger garlic chicken broth from my mug in my morning meeting. Soup has electrolytes, protein, and tastes great. Why does a drink have to either be water, or sweetened? Why can't the drink in my cup satisfy my savory cravings?""","argument","jc","False"
"189","""Sleepovers should be normal for adults, they’re way better than parties. Think about it: movies, snacks, talking until 3 AM, no pressure to dress up, no expensive drinks, no worrying about getting home. Just hanging out and laughing like when we were kids. Honestly feels healthier and way more fun than a crowded party.""","argument","jc","False"
"190","""Dominos is better than independently owned pizza shops. I think dominos makes a perfect pizza and I say this as someone from the northeast. Their pizza isn’t dripping with grease, the toppings don’t fall off when you’re trying to eat it, and the garlic crust is amazing. It may be “fake” pizza but it’s my go to.""","argument","jc","False"
"191","""Adults shouldn’t travel with bags they can’t lift. I just got off a flight where this woman had a bag that she couldn’t lift off the ground, let alone over her head to the storage bin. Obviously, someone helped her and it wasn’t a huge deal but it feels irresponsible to travel with bags you can’t lift. Children and disabled people are one thing but it seems like common sense would dictate that you should be able to self sufficiently transport your luggage.""","argument","jc","False"
"192","Weddings are awful. 36M here, been married, writing this at one. The whole concept is to stupid, the toasts, speeches, the lame songs/dances the wedding party come out to at the beginning of the reception. all the fake people acting friendly. just don’t invite me next time.","argument","jc","ambiguous opinion/argument. chose argument bc even though subjective/personal, the post provides reasoning to justify a conclusion."
"193","it’s crazy i’m at one right now and bored asf","reaction","jc","False"
"194","My blood boils when I see brakelights flash on for half a second for no reason","reaction","jc","False"
"195","Thank you for saying it","reaction","jc","False"
"196","Couldn't agree more! Glad someone understands & agrees","reaction","jc","False"
"197","correct. they're not funny, they're fucking hilarious.","reaction","jc","False"
"198","whispers ""I agree""","reaction","jc","False"
"199","I hate this opinion so much LMAO. take my upvote OP","reaction","jc","False"
"200","Wow, I wasn't aware that people who only use their phone exist. How weird!","reaction","jc","False"
"201","welcome to old age remember to take your pills.","reaction","jc","False"
